{"cameraMode":{"drawMode":0,"name":"Shaded","section":"Shading Mode"},"sceneLighting":true,"audioPlay":false,"sceneViewState":{"m_AlwaysRefresh":false,"showFog":true,"showSkybox":true,"showFlares":true,"showImageEffects":true,"showParticleSystems":true,"showVisualEffectGraphs":true,"m_FxEnabled":true},"in2DMode":false,"pivot":{"x":535.3035888671875,"y":208.84898376464845,"z":0.503265380859375},"rotation":{"x":-0.003309642430394888,"y":0.0050969598814845089,"z":-0.000016874368157004938,"w":-0.9999821782112122},"size":265.48681640625,"orthographic":false}